"Rolle/Status","Anmeldung/Erstzugriff","Nachricht","Benutzername"
"Mitglied","12. Apr 2023, 12:35","","id82ilyx"
"Mitglied","05. Apr 2023, 05:24","","ty28vipo"
"Mitglied","08. Apr 2023, 17:57","","qe72syka"
"Mitglied","17. Apr 2023, 16:47","","du62koko"
"Mitglied","05. Apr 2023, 23:52","","ed10ipan"
"Mitglied","28. Mär 2023, 15:17","","yc84icis"
"Mitglied","02. Apr 2023, 13:07","","il71ywod"
"Mitglied","30. Mär 2023, 16:35","","ib35olyr"
"Mitglied","12. Apr 2023, 13:19","","ok13qina"
"Mitglied","28. Mär 2023, 14:16","","in65itog"
"Mitglied","29. Mär 2023, 15:50","","eb37yzyp"
"Mitglied","29. Mär 2023, 11:46","","uk68iduv"
"Mitglied","01. Apr 2023, 22:06","","sy23hoza"
"Mitglied","18. Apr 2023, 22:09","","vy06qypi"
"Mitglied","18. Apr 2023, 20:04","","my42reho"
"Mitglied","11. Apr 2023, 08:54","","ku05zuji"
"Mitglied","22. Apr 2023, 21:20","","ek23yboj"
"Mitglied","05. Apr 2023, 12:30","","or09ubyj"
"Mitglied","31. Mär 2023, 11:34","","af31yxin"
"Mitglied","28. Mär 2023, 15:08","","am42ybuv"
"Mitglied","08. Apr 2023, 16:34","","ez72oxib"
"Mitglied","31. Mär 2023, 21:29","","sa58juwu"
"Mitglied","20. Apr 2023, 10:28","","fi92pufi"
"Mitglied","10. Apr 2023, 18:33","","uk68ebih"
"Mitglied","29. Mär 2023, 20:24","","ju47kato"
"Mitglied","04. Apr 2023, 11:57","","en69axic"
"Mitglied","28. Mär 2023, 13:49","","ul64ujis"
"Mitglied","15. Apr 2023, 16:10","","al11ytyw"
"Mitglied","29. Mär 2023, 15:25","","yx26enos"
"Mitglied","31. Mär 2023, 22:39","","felicitas.hauck"
"Mitglied","09. Apr 2023, 22:30","","iq79oxef"
"Mitglied","28. Mär 2023, 15:04","","ro54hiqu"
"Mitglied","17. Apr 2023, 08:19","","al48owam"
"Mitglied","30. Mär 2023, 07:02","","uj93ycyg"
"Mitglied","08. Apr 2023, 23:41","","il87umax"
"Mitglied","14. Apr 2023, 11:41","","us52odab"
"Mitglied","15. Apr 2023, 21:52","","pe39toqa"
"Mitglied","05. Apr 2023, 12:30","","yp69ejot"
"Mitglied","01. Apr 2023, 03:06","","he09gyta"
"Mitglied","14. Apr 2023, 12:48","","ew65otac"
"Mitglied","03. Apr 2023, 19:25","","ga70kafo"
"Mitglied","28. Mär 2023, 16:45","","ly87muro"
"Mitglied","13. Apr 2023, 13:57","","go63gaxo"
"Mitglied","16. Apr 2023, 18:49","","we70xebi"
"Mitglied","21. Apr 2023, 13:42","","hu89akma"
"Mitglied","14. Apr 2023, 15:13","","uf09yfuh"
"Mitglied","19. Apr 2023, 02:33","","ni38doqy"
"Mitglied","16. Apr 2023, 01:42","","ly44qone"
"Mitglied","01. Apr 2023, 22:06","","hi60quti"
"Mitglied","15. Apr 2023, 15:50","","ys28odyp"
"Mitglied","17. Apr 2023, 09:23","","ra99topo"
"Mitglied","28. Mär 2023, 21:19","","xi46feza"
"Mitglied","29. Mär 2023, 15:57","","if21eseh"
"Mitglied","21. Apr 2023, 18:46","","ac36ocel"
"Mitglied","12. Apr 2023, 17:44","","ak38ryxi"
"Mitglied","18. Apr 2023, 19:59","","mo58ruxy"
"Mitglied","19. Apr 2023, 16:10","","tu51vibo"
"Mitglied","20. Apr 2023, 09:30","","hi25numi"
"Mitglied","06. Apr 2023, 14:24","","ty06riwi"
"Mitglied","19. Apr 2023, 10:56","","yq72ixam"
"Mitglied","19. Apr 2023, 16:18","","ag23uqyg"
"Mitglied","22. Apr 2023, 09:00","","ga37syqe"
"Mitglied","28. Mär 2023, 14:54","","ik94foow"
"Mitglied","21. Apr 2023, 18:41","","yx39utik"
"Mitglied","04. Apr 2023, 15:51","","ri32luvi"
"Mitglied","11. Apr 2023, 12:14","","fu40panu"
"Mitglied","14. Apr 2023, 11:01","","aq28onip"
"Mitglied","14. Apr 2023, 00:49","","fa65jame"
"Mitglied","31. Mär 2023, 16:03","","ew73ugaf"
"Mitglied","21. Apr 2023, 18:40","","il15ywag"
"Mitglied","16. Apr 2023, 16:47","","ta08goje"
"Mitglied","29. Mär 2023, 15:55","","he82luta"
"Mitglied","18. Apr 2023, 22:46","","hy34lefy"
"Mitglied","06. Apr 2023, 13:15","","na30dopa"
"Mitglied","21. Apr 2023, 15:55","","yq13isef"
"Mitglied","11. Apr 2023, 07:03","","fa75kyqy"
"Mitglied","21. Apr 2023, 15:44","","ix31ipix"
"Mitglied","07. Apr 2023, 04:06","","za07ryma"
"Mitglied","28. Mär 2023, 15:57","","vy73xusu"
"Mitglied","09. Apr 2023, 19:17","","yh07ajaw"
"Mitglied","28. Mär 2023, 17:22","","iz80efif"
"Mitglied","30. Mär 2023, 22:17","","ga45wapo"
"Mitglied","30. Mär 2023, 08:49","","ep70ujin"
"Mitglied","10. Apr 2023, 04:30","","je54luly"
"Mitglied","29. Mär 2023, 15:42","","ys61uqym"
"Mitglied","29. Mär 2023, 13:20","","ji91cigo"
"Mitglied","29. Mär 2023, 10:26","","if80ajil"
"Mitglied","20. Apr 2023, 17:01","","ja62sysi"
"Mitglied","28. Mär 2023, 13:42","","xe61xija"
"Mitglied","16. Apr 2023, 08:11","","vo28hudo"
"Mitglied","27. Mär 2023, 19:51","","if64azoc"
